id,分類ID,商品名稱,庫存數量,平均成本,目前狀態,更新時間,商品代號,平均獲利,買入數量,賣出數量,是否置頂,user_id
"9605ba60-3106-4154-a742-dbf8ec3125de","09e53d9f-77a7-42bb-8f96-edae2217bcaa","崩鐵三週年紀念冊","14","468.63","售賣中","2026-05-27T08:30:02.166305+00:00","HSR096","394","141","127","N","6bd05ea5-44eb-46de-a7f2-cd540b4ca715"
"c8b7df13-e94b-431d-a251-c29f2cf845ba","c9918fe5-7342-4e85-8d20-bd990919f80f","孤獨小娃吊飾","15","112.95","售賣中","2026-04-21T09:50:44.528552+00:00","BTR002","153","111","96","N","6bd05ea5-44eb-46de-a7f2-cd540b4ca715"
"3d1d4763-6974-48ac-a34b-c9293d30bb7a","5e8a3dbb-cac1-4412-9629-13cef8a8b60e","B賞神里綾人","2","809","售賣中","2026-09-20T13:29:53.795159+00:00","GEN001","0","2","0","N","6bd05ea5-44eb-46de-a7f2-cd540b4ca715"
"92568a7d-524a-495f-b1da-eca18052fd19","09e53d9f-77a7-42bb-8f96-edae2217bcaa","安踏昔漣吧唧+鐳射票","0","197","售賣中","2026-04-21T09:50:44.528552+00:00","HSR010","141","3","3","N","6bd05ea5-44eb-46de-a7f2-cd540b4ca715"
"bb590064-2f5b-4abd-a57b-335811e85189","09e53d9f-77a7-42bb-8f96-edae2217bcaa","紀念冊透卡","12","62.51","售賣中","2026-06-01T13:50:57.199598+00:00","HSR097","331","109","97","N","6bd05ea5-44eb-46de-a7f2-cd540b4ca715"
"d1656ab8-64f2-484b-b384-18b77964b554","09e53d9f-77a7-42bb-8f96-edae2217bcaa","D賞 萬敵","6","143.3","售賣中","2026-04-21T09:50:44.528552+00:00","HSR037","161","10","4","N","6bd05ea5-44eb-46de-a7f2-cd540b4ca715"
"386fc64c-1426-4879-a941-b458dd97fcee","5e8a3dbb-cac1-4412-9629-13cef8a8b60e","C賞瓦蕾莎","3","632","售賣中","2026-09-20T13:30:14.780547+00:00","GEN002","0","3","0","N","6bd05ea5-44eb-46de-a7f2-cd540b4ca715"
"6f139852-203b-42a1-9e30-c72a5e0f4071","5e8a3dbb-cac1-4412-9629-13cef8a8b60e","D賞流浪者","2","1784","售賣中","2026-09-20T13:30:25.344856+00:00","GEN003","0","2","0","N","6bd05ea5-44eb-46de-a7f2-cd540b4ca715"
"bd25ab84-0abf-4b20-9de1-813ecb8aeb07","09e53d9f-77a7-42bb-8f96-edae2217bcaa","H賞 遐蝶","6","85.84","售賣中","2026-04-21T09:50:44.528552+00:00","HSR086","167","19","13","N","6bd05ea5-44eb-46de-a7f2-cd540b4ca715"
"d06de558-e42b-457a-9d55-1b8b8ef4b468","09e53d9f-77a7-42bb-8f96-edae2217bcaa","G+H賞","0","114.67","停售","2026-04-21T09:50:44.528552+00:00","HSR029","142","3","3","N","6bd05ea5-44eb-46de-a7f2-cd540b4ca715"
"937c135a-fd34-418a-a3f0-c61e3b52e910","7e0437fb-aa21-4f9f-a445-229c89f8b1d2","復活節兔","0","549.71","停售","2026-04-21T09:50:44.528552+00:00","CKW002","199","12","12","N","6bd05ea5-44eb-46de-a7f2-cd540b4ca715"
"5caa41f6-5c34-4c85-a435-7ef99413fde7","09e53d9f-77a7-42bb-8f96-edae2217bcaa","E賞 那刻夏","2","211.53","售賣中","2026-04-21T09:50:44.528552+00:00","HSR046","222","22","20","N","6bd05ea5-44eb-46de-a7f2-cd540b4ca715"
"4012bd8b-b389-4b30-8512-378ec0c5dced","c9918fe5-7342-4e85-8d20-bd990919f80f","孤獨御守","16","79.31","售賣中","2026-04-21T09:50:44.528552+00:00","BTR003","121","39","23","N","6bd05ea5-44eb-46de-a7f2-cd540b4ca715"
"25a6ee7d-469f-4018-99aa-96ada95d682f","09e53d9f-77a7-42bb-8f96-edae2217bcaa","一個錢包","0","134.19","停售","2026-04-21T09:50:44.528552+00:00","HSR030","121","16","16","N","6bd05ea5-44eb-46de-a7f2-cd540b4ca715"
"ec22c4d3-700e-4b48-b8b2-5fb448e5c713","09e53d9f-77a7-42bb-8f96-edae2217bcaa","崩鐵紀念冊","5","364.65","售賣中","2026-04-21T09:50:44.528552+00:00","HSR020","438","344","339","N","6bd05ea5-44eb-46de-a7f2-cd540b4ca715"
"e416f56e-65b1-4272-898e-de17bbef5e4c","c9918fe5-7342-4e85-8d20-bd990919f80f","孤獨搖滾小娃","0","259.1","售賣中","2026-04-21T09:50:44.528552+00:00","BTR013","146","10","10","N","6bd05ea5-44eb-46de-a7f2-cd540b4ca715"
"00d452f9-a0b8-417f-a358-23091ba36053","09e53d9f-77a7-42bb-8f96-edae2217bcaa","H賞 昔漣","1","127.43","售賣中","2026-04-21T09:50:44.528552+00:00","HSR088","161","27","26","N","6bd05ea5-44eb-46de-a7f2-cd540b4ca715"
"19950d68-ffe2-41d3-91e7-a7f542da55e0","c9918fe5-7342-4e85-8d20-bd990919f80f","波奇髮夾","0","315.09","售賣中","2026-04-21T09:50:44.528552+00:00","BTR012","123","11","11","N","6bd05ea5-44eb-46de-a7f2-cd540b4ca715"
"f0b24661-694d-4bf7-9ba4-6dd8795c7e50","c9918fe5-7342-4e85-8d20-bd990919f80f","孤獨麥克風吊飾","14","133.61","售賣中","2026-04-21T09:50:44.528552+00:00","BTR004","134","18","4","N","6bd05ea5-44eb-46de-a7f2-cd540b4ca715"
"eaa5abbf-07ef-422c-822a-bd49f4c9db9e","7e0437fb-aa21-4f9f-a445-229c89f8b1d2","團扇兔","0","553.5","停售","2026-04-21T09:50:44.528552+00:00","CKW003","97","1","1","N","6bd05ea5-44eb-46de-a7f2-cd540b4ca715"
"5ae40006-9e9f-47d0-bf5b-ae60c9be288f","7e0437fb-aa21-4f9f-a445-229c89f8b1d2","應援兔","0","488","停售","2026-04-21T09:50:44.528552+00:00","CKW004","162","1","1","N","6bd05ea5-44eb-46de-a7f2-cd540b4ca715"
"e9c0f26b-a522-4b23-a18f-1dffe7efbcc0","09e53d9f-77a7-42bb-8f96-edae2217bcaa","砂金一番賞set","0","732","停售","2026-04-21T09:50:44.528552+00:00","HSR031","518","1","1","N","6bd05ea5-44eb-46de-a7f2-cd540b4ca715"
"8c39dc33-8ade-40c9-9aea-ec9003281c80","09e53d9f-77a7-42bb-8f96-edae2217bcaa","E賞 長夜月","2","140","售賣中","2026-04-21T09:50:44.528552+00:00","HSR049","117","8","6","N","6bd05ea5-44eb-46de-a7f2-cd540b4ca715"
"a48da52e-7781-4bdf-acea-caeac8592fc8","5e8a3dbb-cac1-4412-9629-13cef8a8b60e","Last賞流浪者","5","2392.4","售賣中","2026-09-20T13:30:36.203202+00:00","GEN004","0","5","0","N","6bd05ea5-44eb-46de-a7f2-cd540b4ca715"
"13a5ef17-86ea-4659-96d4-0d4b67389437","09e53d9f-77a7-42bb-8f96-edae2217bcaa","砂金","0","1376.08","售賣中","2026-04-21T09:50:44.528552+00:00","HSR017","701","61","61","N","6bd05ea5-44eb-46de-a7f2-cd540b4ca715"
"90ad1db5-bda0-4a63-b82d-cceee63def81","09e53d9f-77a7-42bb-8f96-edae2217bcaa","卡芙卡set","0","660","停售","2026-04-21T09:50:44.528552+00:00","HSR003","-10","1","1","N","6bd05ea5-44eb-46de-a7f2-cd540b4ca715"
"64cab22c-f665-4fbe-b873-0064ba215e30","c9918fe5-7342-4e85-8d20-bd990919f80f","孤獨搖滾B2海報","5","657.09","售賣中","2026-04-21T09:50:44.528552+00:00","BTR001","165","22","17","N","6bd05ea5-44eb-46de-a7f2-cd540b4ca715"
"259e737e-228c-4da0-998c-deba449cc0e4","09e53d9f-77a7-42bb-8f96-edae2217bcaa","卡芙卡","0","840.5","售賣中","2026-04-21T09:50:44.528552+00:00","HSR002","509","4","4","N","6bd05ea5-44eb-46de-a7f2-cd540b4ca715"
"4580ae23-9c31-4547-b940-2c6bc1ef8a77","09e53d9f-77a7-42bb-8f96-edae2217bcaa","白厄立牌套餐","2","184.06","售賣中","2026-04-21T09:50:44.528552+00:00","HSR016","247","110","108","N","6bd05ea5-44eb-46de-a7f2-cd540b4ca715"
"1fe5369d-09d6-4df8-9384-e1ae0432bc2d","c9918fe5-7342-4e85-8d20-bd990919f80f","孤獨搖滾冰淇淋大盒","0","520","停售","2026-04-21T09:50:44.528552+00:00","BTR007","687","1","1","N","6bd05ea5-44eb-46de-a7f2-cd540b4ca715"
"baae2e81-583f-4416-934a-25a731f85f5d","09e53d9f-77a7-42bb-8f96-edae2217bcaa","白厄遐蝶搖搖樂套餐","1","227.8","售賣中","2026-04-21T09:50:44.528552+00:00","HSR008","31","15","14","N","6bd05ea5-44eb-46de-a7f2-cd540b4ca715"
"476b6f8e-14d4-4c71-99b2-9145028d625a","09e53d9f-77a7-42bb-8f96-edae2217bcaa","白厄杯子","-6","11.71","售賣中","2026-04-21T09:50:44.528552+00:00","HSR006","46","107","113","N","6bd05ea5-44eb-46de-a7f2-cd540b4ca715"
"1ad1960c-56b7-4ec7-ae65-69128f53fc30","09e53d9f-77a7-42bb-8f96-edae2217bcaa","F賞 海瑟音","2","77.37","售賣中","2026-04-21T09:50:44.528552+00:00","HSR060","106","7","5","N","6bd05ea5-44eb-46de-a7f2-cd540b4ca715"
"46b9c9d0-d20a-4246-96e1-3a5e8f969e02","09e53d9f-77a7-42bb-8f96-edae2217bcaa","安踏昔漣帽子","0","625.5","停售","2026-04-21T09:50:44.528552+00:00","HSR012","275","2","2","N","6bd05ea5-44eb-46de-a7f2-cd540b4ca715"
"a5391119-2167-4184-88ac-02a7c2bff8df","09e53d9f-77a7-42bb-8f96-edae2217bcaa","砂金G+F賞","0","209","停售","2026-04-21T09:50:44.528552+00:00","HSR032","141","1","1","N","6bd05ea5-44eb-46de-a7f2-cd540b4ca715"
"fed51161-1f87-4f2e-8192-38c416248234","09e53d9f-77a7-42bb-8f96-edae2217bcaa","安踏昔漣鞋子禮盒","0","2421","停售","2026-04-21T09:50:44.528552+00:00","HSR013","779","1","1","N","6bd05ea5-44eb-46de-a7f2-cd540b4ca715"
"9d623512-b92a-45ef-8b9b-90e38dcaae52","09e53d9f-77a7-42bb-8f96-edae2217bcaa","D賞 那刻夏","0","136.87","售賣中","2026-04-21T09:50:44.528552+00:00","HSR038","186","15","15","N","6bd05ea5-44eb-46de-a7f2-cd540b4ca715"
"93c4a1e1-2c21-43a2-b735-88d64d96c50b","c9918fe5-7342-4e85-8d20-bd990919f80f","孤獨搖滾娃包","0","284.33","售賣中","2026-04-21T09:50:44.528552+00:00","BTR010","84","6","6","N","6bd05ea5-44eb-46de-a7f2-cd540b4ca715"
"bebae2c8-6114-4d9b-9129-f6910d2aae1a","09e53d9f-77a7-42bb-8f96-edae2217bcaa","E賞 白厄","1","337.44","售賣中","2026-04-21T09:50:44.528552+00:00","HSR048","183","31","30","N","6bd05ea5-44eb-46de-a7f2-cd540b4ca715"
"fbebbc51-5e15-47ef-978e-601234d0353e","09e53d9f-77a7-42bb-8f96-edae2217bcaa","安踏昔漣海報","0","111.43","售賣中","2026-04-21T09:50:44.528552+00:00","HSR011","90","7","7","N","6bd05ea5-44eb-46de-a7f2-cd540b4ca715"
"b452eb6d-32f7-40fc-b60d-97b1ae53b09d","09e53d9f-77a7-42bb-8f96-edae2217bcaa","黃泉紫色","0","835.38","售賣中","2026-04-21T09:50:44.528552+00:00","HSR022","450","53","53","N","6bd05ea5-44eb-46de-a7f2-cd540b4ca715"
"3c5abc2e-97ab-426f-8d4c-a155553252bc","09e53d9f-77a7-42bb-8f96-edae2217bcaa","黃泉白色","0","693.06","售賣中","2026-04-21T09:50:44.528552+00:00","HSR021","493","42","42","N","6bd05ea5-44eb-46de-a7f2-cd540b4ca715"
"47895700-d4d2-4dad-87fa-910b4b216b01","09e53d9f-77a7-42bb-8f96-edae2217bcaa","H賞 賽飛兒","1","76.8","售賣中","2026-04-21T09:50:44.528552+00:00","HSR093","137","5","4","N","6bd05ea5-44eb-46de-a7f2-cd540b4ca715"
"ca109ed6-b78e-4566-abaf-8a5c914e57da","c9918fe5-7342-4e85-8d20-bd990919f80f","孤獨搖滾襁褓大盒","0","771.92","停售","2026-04-21T09:50:44.528552+00:00","BTR011","386","13","13","N","6bd05ea5-44eb-46de-a7f2-cd540b4ca715"
"3a0a3cc8-3890-458a-a8b7-d3cc9b03c498","c9918fe5-7342-4e85-8d20-bd990919f80f","孤獨搖滾手偶","2","259.56","售賣中","2026-04-21T09:50:44.528552+00:00","BTR005","160","100","98","N","6bd05ea5-44eb-46de-a7f2-cd540b4ca715"
"9d577969-5b08-4aa5-8a46-ba742aafddd3","7e0437fb-aa21-4f9f-a445-229c89f8b1d2","吉伊卡哇小熊徽章","3","135.75","售賣中","2026-04-21T09:50:44.528552+00:00","CKW001","79","4","1","N","6bd05ea5-44eb-46de-a7f2-cd540b4ca715"
"3d76a682-1381-4a5e-b677-dddc4fe35920","09e53d9f-77a7-42bb-8f96-edae2217bcaa","G賞 阿格萊雅","0","119","售賣中","2026-04-21T09:50:44.528552+00:00","HSR069","14","4","4","N","6bd05ea5-44eb-46de-a7f2-cd540b4ca715"
"818363fc-045b-4e2a-8b11-1235b30611f8","09e53d9f-77a7-42bb-8f96-edae2217bcaa","F賞 長夜月","2","51.15","售賣中","2026-04-21T09:50:44.528552+00:00","HSR062","167","5","3","N","6bd05ea5-44eb-46de-a7f2-cd540b4ca715"
"3708dc12-ce62-4bb4-8ec8-92efbc962737","09e53d9f-77a7-42bb-8f96-edae2217bcaa","H賞 白厄","0","248.26","售賣中","2026-04-21T09:50:44.528552+00:00","HSR087","141","31","31","N","6bd05ea5-44eb-46de-a7f2-cd540b4ca715"
"caa4240a-d932-4641-b05a-72ddbf2379e4","09e53d9f-77a7-42bb-8f96-edae2217bcaa","Last白厄","0","1858.92","售賣中","2026-04-21T09:50:44.528552+00:00","HSR036","1016","36","36","N","6bd05ea5-44eb-46de-a7f2-cd540b4ca715"
"065b761a-c4b0-4b32-83b0-e5fe2c876348","09e53d9f-77a7-42bb-8f96-edae2217bcaa","F賞 遐蝶","2","95.37","售賣中","2026-04-21T09:50:44.528552+00:00","HSR057","206","5","3","N","6bd05ea5-44eb-46de-a7f2-cd540b4ca715"
"24039aa7-a987-410b-9cd2-fd74f299fd85","c9918fe5-7342-4e85-8d20-bd990919f80f","孤獨搖滾星星眼","0","361.79","售賣中","2026-04-21T09:50:44.528552+00:00","BTR014","158","14","14","N","6bd05ea5-44eb-46de-a7f2-cd540b4ca715"
"6868ff8e-c925-48a8-85e7-62a34395e134","09e53d9f-77a7-42bb-8f96-edae2217bcaa","F賞 阿格萊雅","1","100","售賣中","2026-04-21T09:50:44.528552+00:00","HSR054","-25","3","2","N","6bd05ea5-44eb-46de-a7f2-cd540b4ca715"
"551cfb11-ba72-4876-ad1a-38540875fea0","09e53d9f-77a7-42bb-8f96-edae2217bcaa","遐蝶杯子","0","15.32","售賣中","2026-04-21T09:50:44.528552+00:00","HSR026","70","54","54","N","6bd05ea5-44eb-46de-a7f2-cd540b4ca715"
"2457b357-23e0-4ab0-8fcd-90084a863696","09e53d9f-77a7-42bb-8f96-edae2217bcaa","砂金set","0","531","停售","2026-04-21T09:50:44.528552+00:00","HSR018","-41","1","1","N","6bd05ea5-44eb-46de-a7f2-cd540b4ca715"
"2d80a4e2-7063-4002-bb90-12bd16746c3a","09e53d9f-77a7-42bb-8f96-edae2217bcaa","遐蝶搖搖樂","2","56.28","售賣中","2026-04-21T09:50:44.528552+00:00","HSR027","155","41","39","N","6bd05ea5-44eb-46de-a7f2-cd540b4ca715"
"2764835b-156a-46a8-aef0-1fd7740ba799","09e53d9f-77a7-42bb-8f96-edae2217bcaa","F賞 昔漣","0","105.05","售賣中","2026-04-21T09:50:44.528552+00:00","HSR059","174","12","12","N","6bd05ea5-44eb-46de-a7f2-cd540b4ca715"
"a1c0c779-53eb-4dc9-80da-721ad7130d4b","09e53d9f-77a7-42bb-8f96-edae2217bcaa","H賞 風堇","0","113.67","售賣中","2026-04-21T09:50:44.528552+00:00","HSR095","133","7","7","N","6bd05ea5-44eb-46de-a7f2-cd540b4ca715"
"3b0bfad1-adc2-43de-a1df-b0bc481abd5f","09e53d9f-77a7-42bb-8f96-edae2217bcaa","真理醫生","0","663.47","售賣中","2026-04-21T09:50:44.528552+00:00","HSR019","505","29","29","N","6bd05ea5-44eb-46de-a7f2-cd540b4ca715"
"e793066e-97dc-4948-830f-f4dfd1e3d767","09e53d9f-77a7-42bb-8f96-edae2217bcaa","G賞 賽飛兒","3","87.88","售賣中","2026-04-21T09:50:44.528552+00:00","HSR079","75","8","5","N","6bd05ea5-44eb-46de-a7f2-cd540b4ca715"
"e566368e-0c44-4444-a003-ea7447256964","09e53d9f-77a7-42bb-8f96-edae2217bcaa","F賞一套","0","1601.5","售賣中","2026-04-21T09:50:44.528552+00:00","HSR053","399","1","1","N","6bd05ea5-44eb-46de-a7f2-cd540b4ca715"
"c1c0a9d6-9eb0-4c1e-bd42-95c1a90e0af9","09e53d9f-77a7-42bb-8f96-edae2217bcaa","遐蝶冷變杯","0","629.86","售賣中","2026-04-21T09:50:44.528552+00:00","HSR024","1137","7","7","N","6bd05ea5-44eb-46de-a7f2-cd540b4ca715"
"fa678cdf-9296-4482-ac5f-6a3c6e1c0c40","09e53d9f-77a7-42bb-8f96-edae2217bcaa","G賞 長夜月","-1","91.96","售賣中","2026-04-21T09:50:44.528552+00:00","HSR077","127","7","8","N","6bd05ea5-44eb-46de-a7f2-cd540b4ca715"
"6cbc22a9-8bbf-4f20-b344-6cfb89174684","09e53d9f-77a7-42bb-8f96-edae2217bcaa","遐蝶吧唧色紙","0","78.32","售賣中","2026-04-21T09:50:44.528552+00:00","HSR025","80","21","21","N","6bd05ea5-44eb-46de-a7f2-cd540b4ca715"
"a24c6b57-5c26-4bb8-b408-3cecac3e0af2","c9918fe5-7342-4e85-8d20-bd990919f80f","孤獨搖滾立牌","0","186.42","售賣中","2026-04-21T09:50:44.528552+00:00","BTR006","162","55","55","N","6bd05ea5-44eb-46de-a7f2-cd540b4ca715"
"a0dafa15-4f32-496b-9872-abdabf489346","09e53d9f-77a7-42bb-8f96-edae2217bcaa","F賞 丹恆","2","208.12","售賣中","2026-04-21T09:50:44.528552+00:00","HSR063","196","17","15","N","6bd05ea5-44eb-46de-a7f2-cd540b4ca715"
"6f1a5fa4-a8bb-47c3-b4c1-b913e18f1beb","09e53d9f-77a7-42bb-8f96-edae2217bcaa","F賞 賽飛兒","4","83.72","售賣中","2026-04-21T09:50:44.528552+00:00","HSR064","200","5","1","N","6bd05ea5-44eb-46de-a7f2-cd540b4ca715"
"c58ddefb-3baa-4dde-81e5-8f4c311432db","09e53d9f-77a7-42bb-8f96-edae2217bcaa","F賞 緹寶","4","67.5","售賣中","2026-04-21T09:50:44.528552+00:00","HSR055","0","4","0","N","6bd05ea5-44eb-46de-a7f2-cd540b4ca715"
"b100d2c8-bdcd-48a6-921e-5bad550afe36","09e53d9f-77a7-42bb-8f96-edae2217bcaa","H賞 阿格萊雅","0","71.67","售賣中","2026-04-21T09:50:44.528552+00:00","HSR083","115","3","3","N","6bd05ea5-44eb-46de-a7f2-cd540b4ca715"
"4b8194a3-5e26-471d-90e1-a65ccc52ddeb","09e53d9f-77a7-42bb-8f96-edae2217bcaa","安踏昔漣全套周邊","0","802.54","售賣中","2026-04-21T09:50:44.528552+00:00","HSR009","501","28","28","N","6bd05ea5-44eb-46de-a7f2-cd540b4ca715"
"3f4ea6f8-463d-4b22-8770-f1e6edaad26c","09e53d9f-77a7-42bb-8f96-edae2217bcaa","G賞 白厄","8","235.29","售賣中","2026-04-21T09:50:44.528552+00:00","HSR073","218","33","25","N","6bd05ea5-44eb-46de-a7f2-cd540b4ca715"
"25e26489-df8e-4280-afbd-1e0e7e6adb2a","09e53d9f-77a7-42bb-8f96-edae2217bcaa","G賞 遐蝶","0","119.5","售賣中","2026-04-21T09:50:44.528552+00:00","HSR072","143","4","4","N","6bd05ea5-44eb-46de-a7f2-cd540b4ca715"
"7925d030-2be0-4dc4-a01c-7a5ca5885db7","0c3ffabf-3693-4cdd-acbb-984ca51326b5","LOL河蟹","0","444","停售","2026-04-21T09:50:44.528552+00:00","LOL001","493","2","2","N","6bd05ea5-44eb-46de-a7f2-cd540b4ca715"
"4b2020d3-7362-4b41-8efd-3c3584311d95","09e53d9f-77a7-42bb-8f96-edae2217bcaa","白厄吧唧色紙","3","102.82","售賣中","2026-04-21T09:50:44.528552+00:00","HSR005","131","26","23","N","6bd05ea5-44eb-46de-a7f2-cd540b4ca715"
"1047bac0-fec4-43f0-8205-00f485f3b3f6","09e53d9f-77a7-42bb-8f96-edae2217bcaa","遐蝶立牌套餐","5","173","售賣中","2026-04-21T09:50:44.528552+00:00","HSR023","228","67","62","N","6bd05ea5-44eb-46de-a7f2-cd540b4ca715"
"39749fa7-2bb1-4c7a-abe5-1c35b0a3bb5b","09e53d9f-77a7-42bb-8f96-edae2217bcaa","卡卡瓦夏","0","859.74","售賣中","2026-04-21T09:50:44.528552+00:00","HSR001","827","19","19","N","6bd05ea5-44eb-46de-a7f2-cd540b4ca715"
"74bde7af-4f81-42ed-8948-902920eca0d6","09e53d9f-77a7-42bb-8f96-edae2217bcaa","E賞 風堇","1","128","售賣中","2026-04-21T09:50:44.528552+00:00","HSR047","161","6","5","N","6bd05ea5-44eb-46de-a7f2-cd540b4ca715"
"cfbcf6c5-4ed4-49b9-87ba-5ec1230d71b9","09e53d9f-77a7-42bb-8f96-edae2217bcaa","F賞 白厄","3","239.71","售賣中","2026-04-21T09:50:44.528552+00:00","HSR058","241","17","14","N","6bd05ea5-44eb-46de-a7f2-cd540b4ca715"
"663d9ec7-b548-4c6c-9c73-150008d5b512","09e53d9f-77a7-42bb-8f96-edae2217bcaa","白厄搖搖樂","1","77.76","售賣中","2026-04-21T09:50:44.528552+00:00","HSR007","236","71","70","N","6bd05ea5-44eb-46de-a7f2-cd540b4ca715"
"0e835f97-6821-413b-b708-5b1452eb20ed","09e53d9f-77a7-42bb-8f96-edae2217bcaa","G賞一套","0","1601.5","售賣中","2026-04-21T09:50:44.528552+00:00","HSR068","399","1","1","N","6bd05ea5-44eb-46de-a7f2-cd540b4ca715"
"9c090370-efb7-47c7-a3c1-0c406f0bebd0","09e53d9f-77a7-42bb-8f96-edae2217bcaa","E賞 遐蝶","0","141.5","售賣中","2026-04-21T09:50:44.528552+00:00","HSR045","134","6","6","N","6bd05ea5-44eb-46de-a7f2-cd540b4ca715"
"ef09d7e9-d241-46df-94ab-924b7d06afbd","09e53d9f-77a7-42bb-8f96-edae2217bcaa","安踏昔漣鐳射票","0","50","售賣中","2026-04-21T09:50:44.528552+00:00","HSR015","199","2","2","N","6bd05ea5-44eb-46de-a7f2-cd540b4ca715"
"f65ce37d-f24e-44f0-8854-f06b7c95ec00","09e53d9f-77a7-42bb-8f96-edae2217bcaa","E賞 丹恆","0","241.89","售賣中","2026-04-21T09:50:44.528552+00:00","HSR050","185","18","18","N","6bd05ea5-44eb-46de-a7f2-cd540b4ca715"
"5b03f140-fb75-4a42-9e7c-a6515abbab08","c9918fe5-7342-4e85-8d20-bd990919f80f","孤獨搖滾坐姿娃娃","0","435.62","停售","2026-04-21T09:50:44.528552+00:00","BTR008","341","13","13","N","6bd05ea5-44eb-46de-a7f2-cd540b4ca715"
"0a8f1409-d167-44aa-bddb-bac511d0bc7d","09e53d9f-77a7-42bb-8f96-edae2217bcaa","安踏昔漣襪子","0","175.5","停售","2026-04-21T09:50:44.528552+00:00","HSR014","249","4","4","N","6bd05ea5-44eb-46de-a7f2-cd540b4ca715"
"a1827b36-e7eb-40ff-a912-3038ed39c058","09e53d9f-77a7-42bb-8f96-edae2217bcaa","白厄冷變杯","0","534.51","停售","2026-04-21T09:50:44.528552+00:00","HSR004","683","45","45","N","6bd05ea5-44eb-46de-a7f2-cd540b4ca715"
"388bf01e-dd56-4b73-9c18-5e5913f3c4a3","c9918fe5-7342-4e85-8d20-bd990919f80f","孤獨搖滾怪獸娃","1","273","售賣中","2026-04-21T09:50:44.528552+00:00","BTR009","237","5","4","N","6bd05ea5-44eb-46de-a7f2-cd540b4ca715"
"dc21ae68-b7c0-45a6-ab09-b05229afa6c6","09e53d9f-77a7-42bb-8f96-edae2217bcaa","壓克力","0","140.75","停售","2026-04-21T09:50:44.528552+00:00","HSR028","257","4","4","N","6bd05ea5-44eb-46de-a7f2-cd540b4ca715"
"df0d8565-0eb9-4c00-8e7d-8b42d0d04fd3","09e53d9f-77a7-42bb-8f96-edae2217bcaa","F賞 萬敵","4","152.55","售賣中","2026-04-21T09:50:44.528552+00:00","HSR056","123","11","7","N","6bd05ea5-44eb-46de-a7f2-cd540b4ca715"
"f6b5344e-1466-48de-b1c5-b2ee135767fe","5e8a3dbb-cac1-4412-9629-13cef8a8b60e","A賞刻晴","1","471","售賣中","2026-09-25T13:02:25.619881+00:00","GEN005","0","1","0","N","6bd05ea5-44eb-46de-a7f2-cd540b4ca715"
"3e3e5d56-a723-4816-9e19-4a284d6514ac","09e53d9f-77a7-42bb-8f96-edae2217bcaa","G賞 丹恆","1","178.81","售賣中","2026-04-21T09:50:44.528552+00:00","HSR078","186","16","15","N","6bd05ea5-44eb-46de-a7f2-cd540b4ca715"
"b745b7a5-1951-4240-b576-3f45208ab795","2d7db463-6aee-424b-bcc6-6a208c5989e0","排少影山","1","439.15","停售","2026-04-21T09:50:44.528552+00:00","HQ002","532","17","16","N","6bd05ea5-44eb-46de-a7f2-cd540b4ca715"
"d0268e9b-5218-4eec-894d-41a21db20291","09e53d9f-77a7-42bb-8f96-edae2217bcaa","H賞 緹寶","0","70.8","售賣中","2026-04-21T09:50:44.528552+00:00","HSR084","131","5","5","N","6bd05ea5-44eb-46de-a7f2-cd540b4ca715"
"eebdba3c-2f18-4a2e-8adc-10a407ba53c1","09e53d9f-77a7-42bb-8f96-edae2217bcaa","H賞 那刻夏","1","143.58","售賣中","2026-04-21T09:50:44.528552+00:00","HSR094","196","19","18","N","6bd05ea5-44eb-46de-a7f2-cd540b4ca715"
"e4c49e83-c66c-43d3-ab5c-c70933d260b0","09e53d9f-77a7-42bb-8f96-edae2217bcaa","H賞 刻律德菈","5","63.57","售賣中","2026-04-21T09:50:44.528552+00:00","HSR090","135","14","9","N","6bd05ea5-44eb-46de-a7f2-cd540b4ca715"
"c9312678-b872-45eb-963c-50ecf4053558","09e53d9f-77a7-42bb-8f96-edae2217bcaa","H賞 海瑟音","0","63.11","售賣中","2026-04-21T09:50:44.528552+00:00","HSR089","149","9","9","N","6bd05ea5-44eb-46de-a7f2-cd540b4ca715"
"18b00cf0-705b-4b4b-b61f-2dd5be5440b1","09e53d9f-77a7-42bb-8f96-edae2217bcaa","H賞 長夜月","0","91.7","售賣中","2026-04-21T09:50:44.528552+00:00","HSR091","145","10","10","N","6bd05ea5-44eb-46de-a7f2-cd540b4ca715"
"83377bbe-6c5d-4f4b-8395-011cbf0f8092","09e53d9f-77a7-42bb-8f96-edae2217bcaa","F賞 刻律德菈","4","70.6","售賣中","2026-04-21T09:50:44.528552+00:00","HSR061","147","6","2","N","6bd05ea5-44eb-46de-a7f2-cd540b4ca715"
"43a184c3-1924-4c8e-bb18-bddda85f02bc","09e53d9f-77a7-42bb-8f96-edae2217bcaa","G賞 緹寶","2","110.83","售賣中","2026-04-21T09:50:44.528552+00:00","HSR070","-17","6","4","N","6bd05ea5-44eb-46de-a7f2-cd540b4ca715"
"d42b6451-613f-4d9b-88a7-bc7090a2fb0d","09e53d9f-77a7-42bb-8f96-edae2217bcaa","H賞 萬敵","1","135.19","售賣中","2026-04-21T09:50:44.528552+00:00","HSR085","157","13","12","N","6bd05ea5-44eb-46de-a7f2-cd540b4ca715"
"3b260f15-3255-45c4-9467-7002ec0de157","09e53d9f-77a7-42bb-8f96-edae2217bcaa","D賞 白厄","2","299.37","售賣中","2026-04-21T09:50:44.528552+00:00","HSR041","211","19","17","N","6bd05ea5-44eb-46de-a7f2-cd540b4ca715"
"d2d6037f-61f4-453e-a441-794dff80cd51","09e53d9f-77a7-42bb-8f96-edae2217bcaa","D賞 昔漣","1","119.81","售賣中","2026-04-21T09:50:44.528552+00:00","HSR042","215","20","19","N","6bd05ea5-44eb-46de-a7f2-cd540b4ca715"
"e31e1bdc-6fc8-4a6f-955f-1a149d692117","09e53d9f-77a7-42bb-8f96-edae2217bcaa","E賞 萬敵","8","178.91","售賣中","2026-04-21T09:50:44.528552+00:00","HSR044","175","22","14","N","6bd05ea5-44eb-46de-a7f2-cd540b4ca715"
"abed326e-e19a-4924-83b8-057e1a8bf60e","09e53d9f-77a7-42bb-8f96-edae2217bcaa","G賞 昔漣","3","111.51","售賣中","2026-04-21T09:50:44.528552+00:00","HSR074","134","16","13","N","6bd05ea5-44eb-46de-a7f2-cd540b4ca715"
"f4525808-8392-4881-8085-77ba4d5fbac5","09e53d9f-77a7-42bb-8f96-edae2217bcaa","C賞萬敵","1","722.32","售賣中","2026-04-21T09:50:44.528552+00:00","HSR035","610","31","30","N","6bd05ea5-44eb-46de-a7f2-cd540b4ca715"
"3fdbf8de-0d66-4443-8b67-e4595bb19951","09e53d9f-77a7-42bb-8f96-edae2217bcaa","B賞白厄","1","1886.8","售賣中","2026-04-21T09:50:44.528552+00:00","HSR034","845","40","39","N","6bd05ea5-44eb-46de-a7f2-cd540b4ca715"
"86f1293c-6bd7-45e5-b6a6-ec8a286c1c43","2d7db463-6aee-424b-bcc6-6a208c5989e0","排少及川徹","0","476.43","停售","2026-04-21T09:50:44.528552+00:00","HQ004","524","11","11","N","6bd05ea5-44eb-46de-a7f2-cd540b4ca715"
"a030d31a-823d-4380-874b-a807ce5be91b","2d7db463-6aee-424b-bcc6-6a208c5989e0","排少研磨","0","435.84","停售","2026-04-21T09:50:44.528552+00:00","HQ001","543","8","8","N","6bd05ea5-44eb-46de-a7f2-cd540b4ca715"
"ad7e0321-79ee-4ff6-a917-1564a6d6faa0","09e53d9f-77a7-42bb-8f96-edae2217bcaa","E賞 昔漣","1","162.18","售賣中","2026-04-21T09:50:44.528552+00:00","HSR051","171","17","16","N","6bd05ea5-44eb-46de-a7f2-cd540b4ca715"
"6ac9b3bc-b7b2-4991-9886-3a21389f21b1","09e53d9f-77a7-42bb-8f96-edae2217bcaa","F賞 風堇","0","100.03","售賣中","2026-04-21T09:50:44.528552+00:00","HSR066","117","3","3","N","6bd05ea5-44eb-46de-a7f2-cd540b4ca715"
"42687ef1-23ac-4ac9-8a31-fec0072b8a69","09e53d9f-77a7-42bb-8f96-edae2217bcaa","A賞昔漣","0","816.23","售賣中","2026-04-21T09:50:44.528552+00:00","HSR033","752","71","71","N","6bd05ea5-44eb-46de-a7f2-cd540b4ca715"
"44ddd95c-e45f-448b-a1eb-fd57f46db195","09e53d9f-77a7-42bb-8f96-edae2217bcaa","F賞 那刻夏","1","177","售賣中","2026-04-21T09:50:44.528552+00:00","HSR065","201","16","15","N","6bd05ea5-44eb-46de-a7f2-cd540b4ca715"
"2e8e374f-1462-48f8-a05b-5793b52afa22","09e53d9f-77a7-42bb-8f96-edae2217bcaa","G賞 那刻夏","3","175.8","售賣中","2026-04-21T09:50:44.528552+00:00","HSR080","205","23","20","N","6bd05ea5-44eb-46de-a7f2-cd540b4ca715"
"e8073450-3311-42f7-a810-39be964e49fc","09e53d9f-77a7-42bb-8f96-edae2217bcaa","D賞 風堇","3","96","售賣中","2026-04-21T09:50:44.528552+00:00","HSR039","206","6","3","N","6bd05ea5-44eb-46de-a7f2-cd540b4ca715"
"521fa2f4-0f4d-47b3-8766-26023deb74f3","09e53d9f-77a7-42bb-8f96-edae2217bcaa","G賞 萬敵","10","135.07","售賣中","2026-04-21T09:50:44.528552+00:00","HSR071","143","15","5","N","6bd05ea5-44eb-46de-a7f2-cd540b4ca715"
"3aaa8c81-4e7f-49b0-bd10-a23a2962921b","09e53d9f-77a7-42bb-8f96-edae2217bcaa","G賞 風堇","1","101.57","售賣中","2026-04-21T09:50:44.528552+00:00","HSR081","115","7","6","N","6bd05ea5-44eb-46de-a7f2-cd540b4ca715"
"cc399e5e-c57f-4782-88cf-d8e280b9d776","09e53d9f-77a7-42bb-8f96-edae2217bcaa","H賞 丹恆","1","140.26","售賣中","2026-04-21T09:50:44.528552+00:00","HSR092","187","19","18","N","6bd05ea5-44eb-46de-a7f2-cd540b4ca715"
"f62dc284-5daf-4772-a6a9-d69fd48af0f3","09e53d9f-77a7-42bb-8f96-edae2217bcaa","G賞 海瑟音","3","99.86","售賣中","2026-04-21T09:50:44.528552+00:00","HSR075","85","7","4","N","6bd05ea5-44eb-46de-a7f2-cd540b4ca715"
"502cdf6c-8f57-4b0f-b74f-dafbbf658b92","09e53d9f-77a7-42bb-8f96-edae2217bcaa","D賞 賽飛兒","0","86","售賣中","2026-04-21T09:50:44.528552+00:00","HSR040","200","7","7","N","6bd05ea5-44eb-46de-a7f2-cd540b4ca715"
"15499ade-7f61-4ce4-a302-719d7cea4dce","09e53d9f-77a7-42bb-8f96-edae2217bcaa","G賞 刻律德菈","3","99.86","售賣中","2026-04-21T09:50:44.528552+00:00","HSR076","113","7","4","N","6bd05ea5-44eb-46de-a7f2-cd540b4ca715"
"ad43333d-5d21-4c8a-9e83-3895561bc46c","2d7db463-6aee-424b-bcc6-6a208c5989e0","排少日向","1","431.4","停售","2026-04-21T09:50:44.528552+00:00","HQ003","539","12","11","N","6bd05ea5-44eb-46de-a7f2-cd540b4ca715"