id,日期,項目內容,收支類型,金額,備註,建立時間,user_id
"d75601f0-3ef5-4b36-9ac0-88257e60a5dc","2025-05-09T00:00:00+00:00","集運","支出","540","","2026-04-23T08:08:55.879129+00:00","6bd05ea5-44eb-46de-a7f2-cd540b4ca715"
"fcc24c9f-c60e-496d-bdb1-a7024eea3f0b","2025-05-09T00:00:00+00:00","集運","支出","824","","2026-04-23T08:09:12.795932+00:00","6bd05ea5-44eb-46de-a7f2-cd540b4ca715"
"57107588-0d93-4c80-ae93-d8ed104d86a1","2025-05-09T00:00:00+00:00","稅金","支出","410","","2026-04-23T08:09:56.765485+00:00","6bd05ea5-44eb-46de-a7f2-cd540b4ca715"
"2aff82ff-8e31-48ad-9da3-0480551b7ef1","2025-05-17T00:00:00+00:00","海外手續費","支出","849","","2026-04-23T08:10:15.049908+00:00","6bd05ea5-44eb-46de-a7f2-cd540b4ca715"
"568f3d84-cc8f-430f-9a2c-560b6bb5e9ec","2025-05-21T00:00:00+00:00","集運","支出","438","","2026-04-23T08:10:33.716956+00:00","6bd05ea5-44eb-46de-a7f2-cd540b4ca715"
"446977c0-b342-44c2-ae55-47447b09755e","2025-05-21T00:00:00+00:00","稅金","支出","410","","2026-04-23T08:11:03.57922+00:00","6bd05ea5-44eb-46de-a7f2-cd540b4ca715"
"35d90a35-7d39-4c1e-b838-765de4e74240","2025-05-27T00:00:00+00:00","集運","支出","570","","2026-04-23T08:11:18.29889+00:00","6bd05ea5-44eb-46de-a7f2-cd540b4ca715"
"b207184a-1ac6-4ea6-88c5-a2eb27073805","2025-06-02T00:00:00+00:00","包材","支出","147","","2026-04-23T08:12:12.303662+00:00","6bd05ea5-44eb-46de-a7f2-cd540b4ca715"
"70095aeb-90a0-4ab5-a379-0508dd89316f","2025-06-03T00:00:00+00:00","集運","支出","260","","2026-04-23T08:12:55.753687+00:00","6bd05ea5-44eb-46de-a7f2-cd540b4ca715"
"bef904e1-788e-42da-a7ed-66779d21ed80","2025-06-09T00:00:00+00:00","集運","支出","672","","2026-04-23T08:13:22.727614+00:00","6bd05ea5-44eb-46de-a7f2-cd540b4ca715"
"2bcccbec-ba42-42f9-a5d6-d4845a4b57e7","2025-06-14T00:00:00+00:00","蝦皮廣告","支出","200","","2026-04-23T08:13:40.717106+00:00","6bd05ea5-44eb-46de-a7f2-cd540b4ca715"
"207880a4-6ef5-4d8d-a8ba-55c6dc5322c0","2025-06-17T00:00:00+00:00","海外手續費","支出","701","","2026-04-23T08:14:13.018136+00:00","6bd05ea5-44eb-46de-a7f2-cd540b4ca715"
"92bcad2d-92d6-4927-b0d5-375c1f7e6ee0","2025-06-23T00:00:00+00:00","集運","支出","562","","2026-04-23T08:14:28.213027+00:00","6bd05ea5-44eb-46de-a7f2-cd540b4ca715"
"ad7a50fa-e62d-4a3d-aab0-95201652a52c","2025-06-23T00:00:00+00:00","包材","支出","40","","2026-04-23T08:14:37.178349+00:00","6bd05ea5-44eb-46de-a7f2-cd540b4ca715"
"0188f882-df3e-4ff5-bbae-098af441d65b","2025-07-16T00:00:00+00:00","集運","支出","1349","","2026-04-23T08:14:47.888411+00:00","6bd05ea5-44eb-46de-a7f2-cd540b4ca715"
"136a9e3b-5b6a-4391-87e4-fa50ec2b331d","2025-07-17T00:00:00+00:00","海外手續費","支出","645","","2026-04-23T08:14:58.301229+00:00","6bd05ea5-44eb-46de-a7f2-cd540b4ca715"
"90b95268-3098-44d9-a442-db47676372a0","2025-07-23T00:00:00+00:00","集運","支出","358","","2026-04-23T08:15:10.119857+00:00","6bd05ea5-44eb-46de-a7f2-cd540b4ca715"
"cf0cbfeb-7eb9-400f-accf-640479378258","2025-08-04T00:00:00+00:00","集運","支出","900","","2026-04-23T08:15:25.744942+00:00","6bd05ea5-44eb-46de-a7f2-cd540b4ca715"
"435c0919-350c-4f2a-b0ab-84fd0650ecd8","2025-08-17T00:00:00+00:00","海外手續費","支出","807","","2026-04-23T08:15:35.574791+00:00","6bd05ea5-44eb-46de-a7f2-cd540b4ca715"
"16bd4f94-c8e2-4b6b-a09f-8ac378bbe373","2025-08-18T00:00:00+00:00","集運","支出","834","","2026-04-23T08:32:54.116746+00:00","6bd05ea5-44eb-46de-a7f2-cd540b4ca715"
"9eb6385c-5b8a-404e-bc2f-9cf045a99ab1","2025-08-26T00:00:00+00:00","集運","支出","1021","","2026-04-23T08:33:09.627913+00:00","6bd05ea5-44eb-46de-a7f2-cd540b4ca715"
"2546505e-5d7c-4a35-8695-6a99b7f1fcce","2025-09-24T00:00:00+00:00","集運","支出","989","","2026-04-23T08:33:26.83576+00:00","6bd05ea5-44eb-46de-a7f2-cd540b4ca715"
"b50ba3b9-5e91-466d-b6f4-692821668f30","2025-10-14T00:00:00+00:00","集運","支出","786","","2026-04-23T08:33:39.41391+00:00","6bd05ea5-44eb-46de-a7f2-cd540b4ca715"
"f84910cc-2fcd-4f99-a962-ccb72077473d","2025-10-15T00:00:00+00:00","包材","支出","95","","2026-04-23T08:33:51.066348+00:00","6bd05ea5-44eb-46de-a7f2-cd540b4ca715"
"ab6d9737-b205-4fb7-b00f-ffbc63f6f884","2025-10-19T00:00:00+00:00","集運","支出","847","","2026-04-23T08:34:04.396616+00:00","6bd05ea5-44eb-46de-a7f2-cd540b4ca715"
"0d2bbf16-8ca8-4d6e-90dc-9a4483d32fc1","2025-10-27T00:00:00+00:00","集運","支出","761","","2026-04-23T08:34:28.906373+00:00","6bd05ea5-44eb-46de-a7f2-cd540b4ca715"
"d949d1e0-3b3f-4aa9-a0cf-523dd69ca67b","2025-11-07T00:00:00+00:00","集運","支出","611","","2026-04-23T08:34:37.148268+00:00","6bd05ea5-44eb-46de-a7f2-cd540b4ca715"
"2456c7bd-e437-4c74-9e16-27dd0063d179","2025-11-08T00:00:00+00:00","集運","支出","1177","","2026-04-23T08:34:49.706058+00:00","6bd05ea5-44eb-46de-a7f2-cd540b4ca715"
"6d13146a-c3dd-4831-831e-193cdd2b66d9","2025-11-09T00:00:00+00:00","集運","支出","453","","2026-04-23T08:35:19.533955+00:00","6bd05ea5-44eb-46de-a7f2-cd540b4ca715"
"dbbd227d-eb90-4830-bd9a-f545eb22cc45","2025-11-11T00:00:00+00:00","集運","支出","124","","2026-04-23T08:35:29.621522+00:00","6bd05ea5-44eb-46de-a7f2-cd540b4ca715"
"5ea43b59-5def-4822-91ea-9d0ea6a2c3bb","2025-11-12T00:00:00+00:00","集運","支出","286","","2026-04-23T08:35:41.857438+00:00","6bd05ea5-44eb-46de-a7f2-cd540b4ca715"
"4901d821-a73e-412b-bb8e-e7de6df50688","2025-11-13T00:00:00+00:00","集運","支出","143","","2026-04-23T08:36:29.50025+00:00","6bd05ea5-44eb-46de-a7f2-cd540b4ca715"
"507bd223-d4cf-4126-a04c-43efae85bbc3","2025-12-09T00:00:00+00:00","集運","支出","4678","","2026-04-23T08:37:12.74859+00:00","6bd05ea5-44eb-46de-a7f2-cd540b4ca715"
"61f34ec9-42d1-45b9-826f-fd3812732ffb","2025-12-11T00:00:00+00:00","集運","支出","2568","","2026-04-23T08:39:34.654765+00:00","6bd05ea5-44eb-46de-a7f2-cd540b4ca715"
"38bf10b2-6501-4c38-8b40-e1f535ce9eec","2025-12-13T00:00:00+00:00","集運","支出","727","","2026-04-23T08:40:27.506977+00:00","6bd05ea5-44eb-46de-a7f2-cd540b4ca715"
"07c362da-6180-4616-9303-9ef83dd9084d","2025-12-14T00:00:00+00:00","集運","支出","202","","2026-04-23T08:40:40.209129+00:00","6bd05ea5-44eb-46de-a7f2-cd540b4ca715"
"2f08b7ed-25be-4382-af4e-f93fa0a4f06f","2025-12-26T00:00:00+00:00","集運","支出","1870","","2026-04-23T08:40:55.411506+00:00","6bd05ea5-44eb-46de-a7f2-cd540b4ca715"
"710df7ec-5223-404c-b402-142a7b42f937","2026-04-13T00:00:00+00:00","包材","支出","105","","2026-04-23T08:41:04.588153+00:00","6bd05ea5-44eb-46de-a7f2-cd540b4ca715"
"ad26f4f4-6fb0-4a9d-b988-bd14d366796b","2026-01-13T00:00:00+00:00","紫泉小賞ALL","收入","1150","","2026-04-23T08:43:51.507268+00:00","6bd05ea5-44eb-46de-a7f2-cd540b4ca715"
"811ae751-0c4b-4b25-b3fd-e1dc8ac4d0cc","2026-01-15T00:00:00+00:00","LOL企鵝代購","收入","640","","2026-04-23T08:44:03.957747+00:00","6bd05ea5-44eb-46de-a7f2-cd540b4ca715"
"d383b98d-0442-4b0f-90c5-50e42d2d58b0","2026-01-15T00:00:00+00:00","安踏鞋盒","收入","880","","2026-04-23T08:44:17.17797+00:00","6bd05ea5-44eb-46de-a7f2-cd540b4ca715"
"4b7cb349-ad96-4e82-b75e-1cf62f2970af","2026-01-15T00:00:00+00:00","流螢小賞","收入","221","","2026-04-23T08:44:31.209738+00:00","6bd05ea5-44eb-46de-a7f2-cd540b4ca715"
"3a92a5cb-d4c3-4483-b5b4-979d2aff2d63","2026-02-03T00:00:00+00:00","Proof後藤一里","收入","881","","2026-04-23T08:49:10.867503+00:00","6bd05ea5-44eb-46de-a7f2-cd540b4ca715"
"80608312-0d56-4b7d-8595-ac10fb43d146","2026-02-03T00:00:00+00:00","承認欲求怪獸","收入","776","","2026-04-23T08:49:19.884354+00:00","6bd05ea5-44eb-46de-a7f2-cd540b4ca715"
"61d7ffc5-c129-495b-b24f-8dee5c24aeb4","2026-02-07T00:00:00+00:00","剪刀","收入","1100","","2026-04-23T08:49:29.164327+00:00","6bd05ea5-44eb-46de-a7f2-cd540b4ca715"
"a1328be5-003f-4b1d-8a43-2e40fb95ccc7","2026-02-07T00:00:00+00:00","原畫卡","收入","415","","2026-04-23T08:49:36.627706+00:00","6bd05ea5-44eb-46de-a7f2-cd540b4ca715"
"2107d340-7265-4047-bbe7-3a69880d4ec1","2026-02-09T00:00:00+00:00","安踏鞋盒","收入","450","","2026-04-23T08:52:31.206994+00:00","6bd05ea5-44eb-46de-a7f2-cd540b4ca715"
"af85447e-7ea0-41df-9afe-3cff7305cb54","2026-02-23T00:00:00+00:00","承認欲求怪獸","收入","603","","2026-04-23T08:52:40.531922+00:00","6bd05ea5-44eb-46de-a7f2-cd540b4ca715"
"9502b852-8862-4574-ad9e-8046031dbde7","2026-03-12T00:00:00+00:00","福袋衣服","收入","1200","","2026-04-23T08:52:49.08018+00:00","6bd05ea5-44eb-46de-a7f2-cd540b4ca715"
"37c3cd35-fa69-444c-9f52-86ef9b3ce4d3","2026-03-18T00:00:00+00:00","貓貓滿贈徽章","收入","120","","2026-04-23T08:53:00.746044+00:00","6bd05ea5-44eb-46de-a7f2-cd540b4ca715"
"d7bff25f-5ff1-4c80-87f8-fe1ad5efdc1e","2026-03-19T00:00:00+00:00","安踏鞋盒","收入","612","","2026-04-23T08:53:07.880797+00:00","6bd05ea5-44eb-46de-a7f2-cd540b4ca715"
"4c190974-8236-4745-9401-2c32d453ca1a","2026-03-21T00:00:00+00:00","大港代購","收入","2250","","2026-04-23T08:53:16.968562+00:00","6bd05ea5-44eb-46de-a7f2-cd540b4ca715"
"515090e9-75b4-475a-b83a-1583263fccb2","2026-03-24T00:00:00+00:00","安踏鞋盒","收入","490","","2026-04-23T08:53:24.29609+00:00","6bd05ea5-44eb-46de-a7f2-cd540b4ca715"
"edb6ced1-96bb-4292-a75f-c709f10cb0fd","2026-03-25T00:00:00+00:00","承認欲求怪獸","收入","369","","2026-04-23T08:53:31.721124+00:00","6bd05ea5-44eb-46de-a7f2-cd540b4ca715"
"6739b3a8-db44-4b85-933d-4749312b300a","2026-03-29T00:00:00+00:00","花火壓克力板+徽章","收入","445","","2026-04-23T08:53:39.653254+00:00","6bd05ea5-44eb-46de-a7f2-cd540b4ca715"
"a70bd337-067d-4c4f-9931-410847c56708","2026-04-22T00:00:00+00:00","紫泉+白泉錢包","收入","532","","2026-04-23T08:53:50.537488+00:00","6bd05ea5-44eb-46de-a7f2-cd540b4ca715"
"e3930478-7dad-4c64-80c1-54de0486aca4","2026-04-25T00:00:00+00:00","運費支出","支出","924","","2026-04-25T14:33:07.937872+00:00","6bd05ea5-44eb-46de-a7f2-cd540b4ca715"
"7cde03c2-805e-45e2-bfb9-8ceb4ab7e0b6","2026-04-28T00:00:00+00:00","紙箱","支出","371","","2026-04-28T14:41:39.911335+00:00","6bd05ea5-44eb-46de-a7f2-cd540b4ca715"
"9bdb92ed-2984-49d7-8d79-8e14d2428cbc","2026-04-28T00:00:00+00:00","膠帶切割","支出","278","","2026-04-28T14:41:39.911335+00:00","6bd05ea5-44eb-46de-a7f2-cd540b4ca715"
"e6c42851-28e7-4a13-b2e6-b98a894a8099","2026-04-30T00:00:00+00:00","稅金","支出","692","","2026-04-30T03:17:02.301799+00:00","6bd05ea5-44eb-46de-a7f2-cd540b4ca715"
"cc2e1a50-19c2-4480-988a-95ab2a3ef428","2026-05-01T00:00:00+00:00","給老大","支出","500","","2026-05-01T16:04:42.705162+00:00","6bd05ea5-44eb-46de-a7f2-cd540b4ca715"
"30154024-5473-4a75-ae27-c686d3372895","2026-05-04T00:00:00+00:00","運費","支出","668","","2026-05-04T14:29:09.972494+00:00","6bd05ea5-44eb-46de-a7f2-cd540b4ca715"
"11a00325-b503-4c8f-90e0-ef5f298fe11b","2026-05-06T00:00:00+00:00","運費","支出","705","","2026-05-06T05:29:08.574452+00:00","6bd05ea5-44eb-46de-a7f2-cd540b4ca715"
"e623e30a-35ae-4d51-b453-77ab0cedceda","2026-05-07T00:00:00+00:00","一堆小賞懶得記","支出","855","","2026-05-07T17:04:11.107093+00:00","6bd05ea5-44eb-46de-a7f2-cd540b4ca715"
"8b404a56-32dd-4eda-bd49-8591b2207687","2026-05-09T00:00:00+00:00","proof後藤一里","支出","2046","","2026-05-09T15:17:17.045439+00:00","6bd05ea5-44eb-46de-a7f2-cd540b4ca715"
"88491d87-0bd2-425f-9297-d61692532b1e","2026-05-09T00:00:00+00:00","兩隻波奇","收入","6260","","2026-05-09T15:53:29.621336+00:00","6bd05ea5-44eb-46de-a7f2-cd540b4ca715"
"04edfee3-3f80-44fb-89aa-ee4dceae68f1","2026-05-11T00:00:00+00:00","運費","支出","591","","2026-05-11T10:17:37.03857+00:00","6bd05ea5-44eb-46de-a7f2-cd540b4ca715"
"65648357-bc1c-4714-bb93-9891913ffe7b","2026-05-15T00:00:00+00:00","運費","支出","783","","2026-05-15T17:43:10.737634+00:00","6bd05ea5-44eb-46de-a7f2-cd540b4ca715"
"aeefbc49-6165-43dd-b81c-16a17e7d7a48","2026-05-17T00:00:00+00:00","運費","支出","670","","2026-05-17T14:31:09.487636+00:00","6bd05ea5-44eb-46de-a7f2-cd540b4ca715"
"73887a8b-eb32-4013-a389-6888d6216d13","2026-05-18T00:00:00+00:00","蝦皮廣告","支出","500","","2026-05-19T04:05:12.754094+00:00","6bd05ea5-44eb-46de-a7f2-cd540b4ca715"
"57e5a72b-d55c-4f6b-9845-8a1c6f56ad2c","2026-05-17T00:00:00+00:00","鞋舌","收入","200","","2026-05-17T07:24:32.934971+00:00","6bd05ea5-44eb-46de-a7f2-cd540b4ca715"
"0f34d540-5a56-42e3-a010-6253409f246c","2026-05-17T00:00:00+00:00","緹寶疊疊","收入","140","","2026-05-17T07:24:32.934971+00:00","6bd05ea5-44eb-46de-a7f2-cd540b4ca715"
"7ebb1202-215e-4b30-8725-4b70d92ee267","2026-05-19T00:00:00+00:00","鐳射票","支出","130","","2026-05-20T14:41:46.200315+00:00","6bd05ea5-44eb-46de-a7f2-cd540b4ca715"
"918b10f5-e9c6-4783-b2f4-7ecd993c68ba","2026-05-21T00:00:00+00:00","波奇柴犬四隻","支出","1257","尾款1064+定金193","2026-05-21T04:33:58.569106+00:00","6bd05ea5-44eb-46de-a7f2-cd540b4ca715"
"4c476ec1-5bbc-4bb3-b723-e3aad302464a","2026-05-14T22:15:00+00:00","白厄滿贈","收入","280","","2026-05-24T14:16:16.211587+00:00","6bd05ea5-44eb-46de-a7f2-cd540b4ca715"
"3755b635-cda5-4837-8ffe-7baa3ba66763","2026-05-29T22:05:00+00:00","廣告","支出","500","","2026-05-29T14:05:51.846615+00:00","6bd05ea5-44eb-46de-a7f2-cd540b4ca715"
"bd3448b4-11b0-4833-b422-55038200cc09","2026-05-24T22:15:00+00:00","運費","支出","464","","2026-05-24T14:16:16.211587+00:00","6bd05ea5-44eb-46de-a7f2-cd540b4ca715"
"c07c2e4a-8e06-4914-b591-82e8eafcd7ac","2026-05-29T21:22:00+00:00","排球少年","收入","250","","2026-05-30T13:24:42.512234+00:00","6bd05ea5-44eb-46de-a7f2-cd540b4ca715"
"3b452355-a14e-4143-a389-140efbf6e303","2026-05-31T13:28:00+00:00","補運費","支出","55","","2026-05-31T05:29:20.150821+00:00","6bd05ea5-44eb-46de-a7f2-cd540b4ca715"
"ddfba339-d76f-4196-bcd3-ed3672108b50","2026-06-01T16:55:00+00:00","運費","支出","6182","","2026-06-01T08:55:59.684042+00:00","6bd05ea5-44eb-46de-a7f2-cd540b4ca715"
"386bf41c-8f01-4501-b188-86bf847bbf8a","2026-05-30T16:15:00+00:00","安美杯墊","收入","150","","2026-06-03T08:15:31.691115+00:00","6bd05ea5-44eb-46de-a7f2-cd540b4ca715"
"65c89f72-7ffd-4ff5-a9e5-9c764a181784","2026-06-06T14:05:00+00:00","運費儲值","支出","5852","","2026-06-06T06:05:38.789361+00:00","6bd05ea5-44eb-46de-a7f2-cd540b4ca715"
"83e8936e-2025-4197-a8e8-e186ac4e9210","2026-06-06T14:56:00+00:00","排球少年","收入","250","","2026-06-06T06:57:05.940461+00:00","6bd05ea5-44eb-46de-a7f2-cd540b4ca715"
"94c9400c-f915-4d6f-bb5b-4c0c5b64ff6f","2026-06-08T22:30:00+00:00","運費","支出","5895","","2026-06-08T14:31:11.962469+00:00","6bd05ea5-44eb-46de-a7f2-cd540b4ca715"
"0aa1b1a6-cd94-4366-a307-276da7a94f36","2026-06-09T15:49:00+00:00","排球少年","收入","250","","2026-06-09T07:50:05.881186+00:00","6bd05ea5-44eb-46de-a7f2-cd540b4ca715"
"c540bf76-dfd0-49c2-98be-ac6a041176fe","2026-06-10T16:10:00+00:00","爻光立牌","收入","350","","2026-06-10T08:10:58.630448+00:00","6bd05ea5-44eb-46de-a7f2-cd540b4ca715"
"a5ecd1eb-9f73-4430-ae68-96c1afd4a96f","2026-06-10T16:10:00+00:00","排球","收入","250","","2026-06-10T08:10:58.630448+00:00","6bd05ea5-44eb-46de-a7f2-cd540b4ca715"
"c7edcf8e-b66b-4b18-80ab-d68f49c2cbcb","2026-06-10T16:10:00+00:00","白厄滿贈","收入","280","","2026-06-10T08:10:58.630448+00:00","6bd05ea5-44eb-46de-a7f2-cd540b4ca715"
"d7edc5ee-a4a2-4419-875e-6d396cbce0a4","2026-06-11T19:40:00+00:00","排球","收入","250","","2026-06-11T11:40:19.543271+00:00","6bd05ea5-44eb-46de-a7f2-cd540b4ca715"
"f7868489-8904-4db6-bcb8-aadf42210685","2026-06-15T13:31:00+00:00","排球","收入","250","","2026-06-15T05:31:21.373629+00:00","6bd05ea5-44eb-46de-a7f2-cd540b4ca715"
"68ad9f49-d9c1-43d0-a56b-6c028ee9a2f6","2026-06-15T13:31:00+00:00","賽諾跟刃","收入","200","","2026-06-15T05:31:54.681726+00:00","6bd05ea5-44eb-46de-a7f2-cd540b4ca715"
"2ce91e6f-4667-4e59-b9fa-3d2e600cb44c","2026-06-19T17:33:00+00:00","柴犬波奇","收入","1100","","2026-06-19T09:33:54.725853+00:00","6bd05ea5-44eb-46de-a7f2-cd540b4ca715"
"c41e9550-f5d5-4e85-88a9-f3dac8b78cf7","2026-06-19T17:33:00+00:00","柴犬波奇","收入","1100","","2026-06-19T09:34:01.530997+00:00","6bd05ea5-44eb-46de-a7f2-cd540b4ca715"
"89b3d42b-7cf5-44df-8cd4-bd8bfee7c7e9","2026-06-15T17:34:00+00:00","排球少年","收入","250","","2026-06-19T09:34:52.10565+00:00","6bd05ea5-44eb-46de-a7f2-cd540b4ca715"
"13408b9c-5f1b-45dd-85aa-5f3d8417d2be","2026-06-16T17:35:00+00:00","昔漣鐳射票","收入","120","","2026-06-19T09:35:49.765867+00:00","6bd05ea5-44eb-46de-a7f2-cd540b4ca715"
"4fba0a52-9235-4faf-ab44-c686d8a00a64","2026-06-24T16:23:00+00:00","黃泉組","收入","300","","2026-06-25T08:23:32.916489+00:00","6bd05ea5-44eb-46de-a7f2-cd540b4ca715"
"4cc190f2-94e6-4227-a85b-36c84c64a1ae","2026-07-01T19:47:00+00:00","白厄流沙壓克力","收入","354","","2026-07-02T11:47:38.409495+00:00","6bd05ea5-44eb-46de-a7f2-cd540b4ca715"
"70f38b5a-27ee-48dd-8bf8-31264867e32d","2026-07-07T15:32:00+00:00","白厄色紙","收入","115","","2026-07-07T07:33:16.527451+00:00","6bd05ea5-44eb-46de-a7f2-cd540b4ca715"
"043b12b4-0d4d-4ff8-8396-63e503ed0dbf","2026-07-13T23:35:00+00:00","孤獨搖滾立牌","收入","250","","2026-07-13T15:35:51.866649+00:00","6bd05ea5-44eb-46de-a7f2-cd540b4ca715"
"6377bbcf-8486-4f0a-968a-2602ae24c821","2026-07-18T21:50:00+00:00","喜多gsc","支出","2450","","2026-07-18T13:51:22.701177+00:00","6bd05ea5-44eb-46de-a7f2-cd540b4ca715"
"e41a98a0-c044-4060-925a-78372b83daa9","2026-07-22T16:04:00+00:00","蝦皮廣告","支出","1000","","2026-07-22T08:04:33.774142+00:00","6bd05ea5-44eb-46de-a7f2-cd540b4ca715"
"dfa007a2-5f9d-4d40-b243-f8e8357d7c77","2026-07-24T17:57:00+00:00","喜多gsc","收入","3180","","2026-07-24T09:58:15.580462+00:00","6bd05ea5-44eb-46de-a7f2-cd540b4ca715"
"f987c051-fb5d-47f6-9ea0-143c0dafea76","2026-08-11T15:17:00+00:00","喜多gs c","支出","2446","","2026-08-11T07:18:08.29031+00:00","6bd05ea5-44eb-46de-a7f2-cd540b4ca715"
"021bb938-a7d3-4ef0-96d9-cde25f669008","2026-08-20T15:01:00+00:00","喜多gsc","收入","3180","","2026-08-20T07:01:59.587499+00:00","6bd05ea5-44eb-46de-a7f2-cd540b4ca715"
"5a9e1411-528e-476b-b6c5-ac3c120223f2","2026-08-27T13:37:00+00:00","喜多GSC","支出","2470","","2026-08-27T05:37:44.384308+00:00","6bd05ea5-44eb-46de-a7f2-cd540b4ca715"
"4ba2f03c-64f5-4f24-b1fc-fa45886ab3b6","2026-08-27T13:52:00+00:00","喜多GsC","收入","3300","","2026-08-27T05:52:29.99203+00:00","6bd05ea5-44eb-46de-a7f2-cd540b4ca715"